{
  "timestamp": "2026-04-21T06:35:02.865Z",
  "workspace": "/Users/keunsik/develop",
  "runs": 3,
  "fixtureFiles": 2377,
  "paths": {
    "scanDocs": {
      "p50": 20.323152666666676,
      "p95": 531.3158609999999,
      "p99": 531.3158609999999,
      "mean": 209.5557290833333,
      "stdDevMean": 54.11582316663297
    },
    "countDocs": {
      "p50": 12.445611333333241,
      "p95": 223.35998633333352,
      "p99": 223.35998633333352,
      "mean": 98.78402441666663,
      "stdDevMean": 6.150636432882372
    },
    "fs.stat (병렬 all)": {
      "p50": 0.004041695835086225,
      "p95": 0.006062543752629337,
      "p99": 0.00808339167017245,
      "mean": 0.004041695835086225,
      "stdDevMean": 0.0006623048215299261
    },
    "fs.readFile (20 샘플)": {
      "p50": 0.09093033333313845,
      "p95": 0.15498600000015963,
      "p99": 0.2002083333330423,
      "mean": 0.10054933333343191,
      "stdDevMean": 0.005244307811749692
    },
    "detectWorkspaceMode": {
      "p50": 0.4826386666663893,
      "p95": 0.5091249999998885,
      "p99": 0.5091249999998885,
      "mean": 0.4800458666665994,
      "stdDevMean": 0.007042775654682587
    }
  }
}